Team,Part,Matches Played,Wins,Draws,Losses,Goals For,Goals Against,Goal Difference,Points,Flag URL
Brazil,22,114,76,19,19,237,108,+129,247,https://upload.wikimedia.org/wikipedia/en/thumb/0/05/Flag_of_Brazil.svg/40px-Flag_of_Brazil.svg.png
Germany,20,112,68,21,23,232,130,+102,225,https://upload.wikimedia.org/wikipedia/en/thumb/b/ba/Flag_of_Germany.svg/40px-Flag_of_Germany.svg.png
Argentina,18,88,47,17,24,152,101,+51,158,https://upload.wikimedia.org/wikipedia/commons/thumb/1/1a/Flag_of_Argentina.svg/40px-Flag_of_Argentina.svg.png
Italy,18,83,45,21,17,128,77,+51,156,https://upload.wikimedia.org/wikipedia/en/thumb/0/03/Flag_of_Italy.svg/40px-Flag_of_Italy.svg.png
France,16,73,39,14,20,136,85,+51,131,https://upload.wikimedia.org/wikipedia/en/thumb/c/c3/Flag_of_France.svg/40px-Flag_of_France.svg.png
England,16,74,32,22,20,104,68,+36,118,https://upload.wikimedia.org/wikipedia/en/thumb/b/be/Flag_of_England.svg/40px-Flag_of_England.svg.png
Spain,16,67,31,17,19,108,75,+33,110,https://upload.wikimedia.org/wikipedia/en/thumb/9/9a/Flag_of_Spain.svg/40px-Flag_of_Spain.svg.png
Netherlands,11,55,30,14,11,96,52,+44,104,https://upload.wikimedia.org/wikipedia/commons/thumb/2/20/Flag_of_the_Netherlands.svg/40px-Flag_of_the_Netherlands.svg.png
Uruguay,14,59,25,13,21,89,76,+13,88,https://upload.wikimedia.org/wikipedia/commons/thumb/f/fe/Flag_of_Uruguay.svg/40px-Flag_of_Uruguay.svg.png
Belgium,14,51,21,10,20,69,74,−5,73,https://upload.wikimedia.org/wikipedia/commons/thumb/9/92/Flag_of_Belgium_%28civil%29.svg/40px-Flag_of_Belgium_%28civil%29.svg.png
Sweden,12,51,19,13,19,80,73,+7,70,https://upload.wikimedia.org/wikipedia/en/thumb/4/4c/Flag_of_Sweden.svg/40px-Flag_of_Sweden.svg.png
Russia,11,45,19,10,16,77,54,+23,67,https://upload.wikimedia.org/wikipedia/en/thumb/f/f3/Flag_of_Russia.svg/40px-Flag_of_Russia.svg.png
Mexico,17,60,17,15,28,62,101,−39,66,https://upload.wikimedia.org/wikipedia/commons/thumb/f/fc/Flag_of_Mexico.svg/40px-Flag_of_Mexico.svg.png
Serbia,13,49,18,9,22,71,71,0,63,https://upload.wikimedia.org/wikipedia/commons/thumb/f/ff/Flag_of_Serbia.svg/40px-Flag_of_Serbia.svg.png
Portugal,8,35,17,6,12,61,41,+20,57,https://upload.wikimedia.org/wikipedia/commons/thumb/a/a8/Flag_of_Portugal_%28official%29.svg/40px-Flag_of_Portugal_%28official%29.svg.png
Poland,9,38,17,6,15,49,50,−1,57,https://upload.wikimedia.org/wikipedia/en/thumb/1/12/Flag_of_Poland.svg/40px-Flag_of_Poland.svg.png
Switzerland,12,41,14,8,19,55,73,−18,50,https://upload.wikimedia.org/wikipedia/commons/thumb/0/08/Flag_of_Switzerland_%28Pantone%29.svg/20px-Flag_of_Switzerland_%28Pantone%29.svg.png
Hungary,9,32,15,3,14,87,57,+30,48,https://upload.wikimedia.org/wikipedia/commons/thumb/c/c1/Flag_of_Hungary.svg/40px-Flag_of_Hungary.svg.png
Croatia,6,30,13,8,9,43,33,+10,47,https://upload.wikimedia.org/wikipedia/commons/thumb/1/1b/Flag_of_Croatia.svg/40px-Flag_of_Croatia.svg.png
Czech Republic,9,33,12,5,16,47,49,−2,41,https://upload.wikimedia.org/wikipedia/commons/thumb/c/cb/Flag_of_the_Czech_Republic.svg/40px-Flag_of_the_Czech_Republic.svg.png
Austria,7,29,12,4,13,43,47,−4,40,https://upload.wikimedia.org/wikipedia/commons/thumb/4/41/Flag_of_Austria.svg/40px-Flag_of_Austria.svg.png
Chile,9,33,11,7,15,40,49,−9,40,https://upload.wikimedia.org/wikipedia/commons/thumb/7/78/Flag_of_Chile.svg/40px-Flag_of_Chile.svg.png
United States,11,37,9,8,20,40,66,−26,35,https://upload.wikimedia.org/wikipedia/en/thumb/a/a4/Flag_of_the_United_States.svg/40px-Flag_of_the_United_States.svg.png
Denmark,6,23,9,6,8,31,29,+2,33,https://upload.wikimedia.org/wikipedia/commons/thumb/9/9c/Flag_of_Denmark.svg/20px-Flag_of_Denmark.svg.png
Paraguay,8,27,7,10,10,30,38,−8,31,https://upload.wikimedia.org/wikipedia/commons/thumb/2/27/Flag_of_Paraguay.svg/40px-Flag_of_Paraguay.svg.png
South Korea,11,38,7,10,21,39,78,−39,31,https://upload.wikimedia.org/wikipedia/commons/thumb/0/09/Flag_of_South_Korea.svg/40px-Flag_of_South_Korea.svg.png
Colombia,6,22,9,3,10,32,30,+2,30,https://upload.wikimedia.org/wikipedia/commons/thumb/2/21/Flag_of_Colombia.svg/40px-Flag_of_Colombia.svg.png
Romania,7,21,8,5,8,30,32,−2,29,https://upload.wikimedia.org/wikipedia/commons/thumb/7/73/Flag_of_Romania.svg/40px-Flag_of_Romania.svg.png
Japan,7,25,7,6,12,25,33,−8,27,https://upload.wikimedia.org/wikipedia/en/thumb/9/9e/Flag_of_Japan.svg/40px-Flag_of_Japan.svg.png
Costa Rica,6,21,6,5,10,22,39,−17,23,https://upload.wikimedia.org/wikipedia/commons/thumb/f/f2/Flag_of_Costa_Rica.svg/40px-Flag_of_Costa_Rica.svg.png
Cameroon,8,26,5,8,13,22,47,−25,23,https://upload.wikimedia.org/wikipedia/commons/thumb/4/4f/Flag_of_Cameroon.svg/40px-Flag_of_Cameroon.svg.png
Morocco,6,23,5,7,11,20,27,−7,22,https://upload.wikimedia.org/wikipedia/commons/thumb/2/2c/Flag_of_Morocco.svg/40px-Flag_of_Morocco.svg.png
Nigeria,6,21,6,3,12,23,30,−7,21,https://upload.wikimedia.org/wikipedia/commons/thumb/7/79/Flag_of_Nigeria.svg/40px-Flag_of_Nigeria.svg.png
Scotland,8,23,4,7,12,25,41,−16,19,https://upload.wikimedia.org/wikipedia/commons/thumb/1/10/Flag_of_Scotland.svg/40px-Flag_of_Scotland.svg.png
Senegal,3,12,5,3,4,16,17,−1,18,https://upload.wikimedia.org/wikipedia/commons/thumb/f/fd/Flag_of_Senegal.svg/40px-Flag_of_Senegal.svg.png
Ghana,4,15,5,3,7,18,23,−5,18,https://upload.wikimedia.org/wikipedia/commons/thumb/1/19/Flag_of_Ghana.svg/40px-Flag_of_Ghana.svg.png
Peru,5,18,5,3,10,21,33,−12,18,https://upload.wikimedia.org/wikipedia/commons/thumb/d/df/Flag_of_Peru_%28state%29.svg/40px-Flag_of_Peru_%28state%29.svg.png
Ecuador,4,13,5,2,6,14,14,0,17,https://upload.wikimedia.org/wikipedia/commons/thumb/e/e8/Flag_of_Ecuador.svg/40px-Flag_of_Ecuador.svg.png
Bulgaria,7,26,3,8,15,22,53,−31,17,https://upload.wikimedia.org/wikipedia/commons/thumb/9/9a/Flag_of_Bulgaria.svg/40px-Flag_of_Bulgaria.svg.png
Turkey,2,10,5,1,4,20,17,+3,16,https://upload.wikimedia.org/wikipedia/commons/thumb/b/b4/Flag_of_Turkey.svg/40px-Flag_of_Turkey.svg.png
Australia,6,20,4,4,12,17,37,−20,16,https://upload.wikimedia.org/wikipedia/commons/thumb/8/88/Flag_of_Australia_%28converted%29.svg/40px-Flag_of_Australia_%28converted%29.svg.png
Republic of Ireland,3,13,2,8,3,10,10,0,14,https://upload.wikimedia.org/wikipedia/commons/thumb/4/45/Flag_of_Ireland.svg/40px-Flag_of_Ireland.svg.png
Northern Ireland,3,13,3,5,5,13,23,−10,14,https://upload.wikimedia.org/wikipedia/commons/thumb/4/43/Flag_of_Northern_Ireland_%281953%E2%80%931972%29.svg/40px-Flag_of_Northern_Ireland_%281953%E2%80%931972%29.svg.png
Tunisia,6,18,3,5,10,14,26,−12,14,https://upload.wikimedia.org/wikipedia/commons/thumb/c/ce/Flag_of_Tunisia.svg/40px-Flag_of_Tunisia.svg.png
Saudi Arabia,6,19,4,2,13,14,44,−30,14,https://upload.wikimedia.org/wikipedia/commons/thumb/0/0d/Flag_of_Saudi_Arabia.svg/40px-Flag_of_Saudi_Arabia.svg.png
Iran,6,18,3,4,11,13,31,−18,13,https://upload.wikimedia.org/wikipedia/commons/thumb/c/ca/Flag_of_Iran.svg/40px-Flag_of_Iran.svg.png
Algeria,4,13,3,3,7,13,19,−6,12,https://upload.wikimedia.org/wikipedia/commons/thumb/7/77/Flag_of_Algeria.svg/40px-Flag_of_Algeria.svg.png
Ivory Coast,3,9,3,1,5,13,14,−1,10,https://upload.wikimedia.org/wikipedia/commons/thumb/f/fe/Flag_of_C%C3%B4te_d%27Ivoire.svg/40px-Flag_of_C%C3%B4te_d%27Ivoire.svg.png
South Africa,3,9,2,4,3,11,16,−5,10,https://upload.wikimedia.org/wikipedia/commons/thumb/a/af/Flag_of_South_Africa.svg/40px-Flag_of_South_Africa.svg.png
Norway,3,8,2,3,3,7,8,−1,9,https://upload.wikimedia.org/wikipedia/commons/thumb/d/d9/Flag_of_Norway.svg/40px-Flag_of_Norway.svg.png
East Germany,1,6,2,2,2,5,5,0,8,https://upload.wikimedia.org/wikipedia/commons/thumb/a/a1/Flag_of_East_Germany.svg/40px-Flag_of_East_Germany.svg.png
Greece,3,10,2,2,6,5,20,−15,8,https://upload.wikimedia.org/wikipedia/commons/thumb/5/5c/Flag_of_Greece.svg/40px-Flag_of_Greece.svg.png
Ukraine,1,5,2,1,2,5,7,−2,7,https://upload.wikimedia.org/wikipedia/commons/thumb/4/49/Flag_of_Ukraine.svg/40px-Flag_of_Ukraine.svg.png
Wales,2,8,1,4,3,5,10,−5,7,https://upload.wikimedia.org/wikipedia/commons/thumb/d/dc/Flag_of_Wales.svg/40px-Flag_of_Wales.svg.png
Slovakia,1,4,1,1,2,5,7,−2,4,https://upload.wikimedia.org/wikipedia/commons/thumb/e/e6/Flag_of_Slovakia.svg/40px-Flag_of_Slovakia.svg.png
Slovenia,2,6,1,1,4,5,10,−5,4,https://upload.wikimedia.org/wikipedia/commons/thumb/f/f0/Flag_of_Slovenia.svg/40px-Flag_of_Slovenia.svg.png
Cuba,1,3,1,1,1,5,12,−7,4,https://upload.wikimedia.org/wikipedia/commons/thumb/b/bd/Flag_of_Cuba.svg/40px-Flag_of_Cuba.svg.png
North Korea,2,7,1,1,5,6,21,−15,4,https://upload.wikimedia.org/wikipedia/commons/thumb/5/51/Flag_of_North_Korea.svg/40px-Flag_of_North_Korea.svg.png
Bosnia and Herzegovina,1,3,1,0,2,4,4,0,3,https://upload.wikimedia.org/wikipedia/commons/thumb/b/bf/Flag_of_Bosnia_and_Herzegovina.svg/40px-Flag_of_Bosnia_and_Herzegovina.svg.png
Jamaica,1,3,1,0,2,3,9,−6,3,https://upload.wikimedia.org/wikipedia/commons/thumb/0/0a/Flag_of_Jamaica.svg/40px-Flag_of_Jamaica.svg.png
New Zealand,2,6,0,3,3,4,14,−10,3,https://upload.wikimedia.org/wikipedia/commons/thumb/3/3e/Flag_of_New_Zealand.svg/40px-Flag_of_New_Zealand.svg.png
Honduras,3,9,0,3,6,3,14,−11,3,https://upload.wikimedia.org/wikipedia/commons/thumb/2/2f/Flag_of_Honduras_%282022%E2%80%93present%29.svg/40px-Flag_of_Honduras_%282022%E2%80%93present%29.svg.png
Angola,1,3,0,2,1,1,2,−1,2,https://upload.wikimedia.org/wikipedia/commons/thumb/9/9d/Flag_of_Angola.svg/40px-Flag_of_Angola.svg.png
Israel,1,3,0,2,1,1,3,−2,2,https://upload.wikimedia.org/wikipedia/commons/thumb/d/d4/Flag_of_Israel.svg/40px-Flag_of_Israel.svg.png
Egypt,3,7,0,2,5,5,12,−7,2,https://upload.wikimedia.org/wikipedia/commons/thumb/f/fe/Flag_of_Egypt.svg/40px-Flag_of_Egypt.svg.png
Iceland,1,3,0,1,2,2,5,−3,1,https://upload.wikimedia.org/wikipedia/commons/thumb/c/ce/Flag_of_Iceland.svg/40px-Flag_of_Iceland.svg.png
Kuwait,1,3,0,1,2,2,6,−4,1,https://upload.wikimedia.org/wikipedia/commons/thumb/a/aa/Flag_of_Kuwait.svg/40px-Flag_of_Kuwait.svg.png
Trinidad and Tobago,1,3,0,1,2,0,4,−4,1,https://upload.wikimedia.org/wikipedia/commons/thumb/6/64/Flag_of_Trinidad_and_Tobago.svg/40px-Flag_of_Trinidad_and_Tobago.svg.png
Bolivia,3,6,0,1,5,1,20,−19,1,https://upload.wikimedia.org/wikipedia/commons/thumb/b/b3/Bandera_de_Bolivia_%28Estado%29.svg/40px-Bandera_de_Bolivia_%28Estado%29.svg.png
Iraq,1,3,0,0,3,1,4,−3,0,https://upload.wikimedia.org/wikipedia/commons/thumb/f/f6/Flag_of_Iraq.svg/40px-Flag_of_Iraq.svg.png
Togo,1,3,0,0,3,1,6,−5,0,https://upload.wikimedia.org/wikipedia/commons/thumb/7/7a/Flag_of_Togo_%283-2%29.svg/40px-Flag_of_Togo_%283-2%29.svg.png
Qatar,1,3,0,0,3,1,7,−6,0,https://upload.wikimedia.org/wikipedia/commons/thumb/6/65/Flag_of_Qatar.svg/40px-Flag_of_Qatar.svg.png
Indonesia,1,1,0,0,1,0,6,−6,0,https://upload.wikimedia.org/wikipedia/commons/thumb/9/9f/Flag_of_Indonesia.svg/40px-Flag_of_Indonesia.svg.png
Panama,1,3,0,0,3,2,11,−9,0,https://upload.wikimedia.org/wikipedia/commons/thumb/a/ab/Flag_of_Panama.svg/40px-Flag_of_Panama.svg.png
United Arab Emirates,1,3,0,0,3,2,11,−9,0,https://upload.wikimedia.org/wikipedia/commons/thumb/c/cb/Flag_of_the_United_Arab_Emirates.svg/40px-Flag_of_the_United_Arab_Emirates.svg.png
China,1,3,0,0,3,0,9,−9,0,https://upload.wikimedia.org/wikipedia/commons/thumb/f/fa/Flag_of_the_People%27s_Republic_of_China.svg/40px-Flag_of_the_People%27s_Republic_of_China.svg.png
Canada,2,6,0,0,6,2,12,−10,0,https://upload.wikimedia.org/wikipedia/commons/thumb/d/d9/Flag_of_Canada_%28Pantone%29.svg/40px-Flag_of_Canada_%28Pantone%29.svg.png
Haiti,1,3,0,0,3,2,14,−12,0,https://upload.wikimedia.org/wikipedia/commons/thumb/5/56/Flag_of_Haiti.svg/40px-Flag_of_Haiti.svg.png
DR Congo,1,3,0,0,3,0,14,−14,0,https://upload.wikimedia.org/wikipedia/commons/thumb/6/6f/Flag_of_the_Democratic_Republic_of_the_Congo.svg/20px-Flag_of_the_Democratic_Republic_of_the_Congo.svg.png
El Salvador,2,6,0,0,6,1,22,−21,0,https://upload.wikimedia.org/wikipedia/commons/thumb/3/34/Flag_of_El_Salvador.svg/40px-Flag_of_El_Salvador.svg.png
Cape Verde,0,0,0,0,0,0,0,0,0,https://upload.wikimedia.org/wikipedia/commons/thumb/3/38/Flag_of_Cape_Verde.svg/40px-Flag_of_Cape_Verde.svg.png
Curaçao,0,0,0,0,0,0,0,0,0,https://upload.wikimedia.org/wikipedia/commons/thumb/b/b1/Flag_of_Cura%C3%A7ao.svg/40px-Flag_of_Cura%C3%A7ao.svg.png
Jordan,0,0,0,0,0,0,0,0,0,https://upload.wikimedia.org/wikipedia/commons/thumb/c/c0/Flag_of_Jordan.svg/40px-Flag_of_Jordan.svg.png
Uzbekistan,0,0,0,0,0,0,0,0,0,https://upload.wikimedia.org/wikipedia/commons/thumb/8/84/Flag_of_Uzbekistan.svg/40px-Flag_of_Uzbekistan.svg.png
